W001	/d/Reyna-originals/website/wrestling/591A0312-2.jpg
W002	/d/Reyna-originals/website/wrestling/591A0326-2.jpg
W003	/d/Reyna-originals/website/wrestling/591A0336-2.jpg
W004	/d/Reyna-originals/website/wrestling/591A0356-2.jpg
W005	/d/Reyna-originals/website/wrestling/591A0376-2.jpg
W006	/d/Reyna-originals/website/wrestling/591A0380-2.jpg
W007	/d/Reyna-originals/website/wrestling/591A0387-2.jpg
W008	/d/Reyna-originals/website/wrestling/591A0401-2.jpg
W009	/d/Reyna-originals/website/wrestling/591A0404-2.jpg
W010	/d/Reyna-originals/website/wrestling/591A0415-2.jpg
W011	/d/Reyna-originals/website/wrestling/591A0420-2.jpg
W012	/d/Reyna-originals/website/wrestling/591A0466-2.jpg
W013	/d/Reyna-originals/website/wrestling/591A0486-2.jpg
W014	/d/Reyna-originals/website/wrestling/591A0493-2.jpg
W015	/d/Reyna-originals/website/wrestling/591A0511-2.jpg
W016	/d/Reyna-originals/website/wrestling/591A0518-2.jpg
W017	/d/Reyna-originals/website/wrestling/591A0523-2.jpg
W018	/d/Reyna-originals/website/wrestling/591A0524-2.jpg
W019	/d/Reyna-originals/website/wrestling/591A0527-2.jpg
W020	/d/Reyna-originals/website/wrestling/591A0541-2.jpg
W021	/d/Reyna-originals/website/wrestling/591A0555-2.jpg
W022	/d/Reyna-originals/website/wrestling/591A0560-2.jpg
W023	/d/Reyna-originals/website/wrestling/591A0564-2.jpg
W024	/d/Reyna-originals/website/wrestling/591A0569-2.jpg
W025	/d/Reyna-originals/website/wrestling/591A0607-2.jpg
W026	/d/Reyna-originals/website/wrestling/591A0614-2.jpg
W027	/d/Reyna-originals/website/wrestling/591A1607-2.jpg
W028	/d/Reyna-originals/website/wrestling/591A1612 (1)-2.jpg
W029	/d/Reyna-originals/website/wrestling/591A1640-2.jpg
W030	/d/Reyna-originals/website/wrestling/591A1647-2.jpg
W031	/d/Reyna-originals/website/wrestling/591A1651-2.jpg
W032	/d/Reyna-originals/website/wrestling/591A1726-2.jpg
W033	/d/Reyna-originals/website/wrestling/591A1757 (1)-2.jpg
W034	/d/Reyna-originals/website/wrestling/591A1851-2.jpg
W035	/d/Reyna-originals/website/wrestling/591A1868-2.jpg
W036	/d/Reyna-originals/website/wrestling/591A1874-2.jpg
W037	/d/Reyna-originals/website/wrestling/591A1915-2.jpg
W038	/d/Reyna-originals/website/wrestling/591A1940-2.jpg
W039	/d/Reyna-originals/website/wrestling/591A1988-2.jpg
W040	/d/Reyna-originals/website/wrestling/591A2045-2.jpg
W041	/d/Reyna-originals/website/wrestling/591A2079-2.jpg
W042	/d/Reyna-originals/website/wrestling/591A2083-2.jpg
W043	/d/Reyna-originals/website/wrestling/591A2099-2.jpg
W044	/d/Reyna-originals/website/wrestling/591A2181-2.jpg
W045	/d/Reyna-originals/website/wrestling/591A2196-2.jpg
W046	/d/Reyna-originals/website/wrestling/591A2197-2.jpg
W047	/d/Reyna-originals/website/wrestling/591A2204-2.jpg
W048	/d/Reyna-originals/website/wrestling/591A2243-2.jpg
W049	/d/Reyna-originals/website/wrestling/591A2257-2.jpg
W050	/d/Reyna-originals/website/wrestling/591A2268-2.jpg
W051	/d/Reyna-originals/website/wrestling/591A2274-2.jpg
W052	/d/Reyna-originals/website/wrestling/591A2278-2.jpg
W053	/d/Reyna-originals/website/wrestling/591A2349-2.jpg
W054	/d/Reyna-originals/website/wrestling/591A2356-2.jpg
W055	/d/Reyna-originals/website/wrestling/591A2419-2.jpg
W056	/d/Reyna-originals/website/wrestling/591A2422-2.jpg
W057	/d/Reyna-originals/website/wrestling/591A2442-2.jpg
W058	/d/Reyna-originals/website/wrestling/591A2447-2.jpg
W059	/d/Reyna-originals/website/wrestling/591A2533-2.jpg
W060	/d/Reyna-originals/website/wrestling/591A2659-2 (1).jpg
W061	/d/Reyna-originals/website/wrestling/591A2675-2.jpg
W062	/d/Reyna-originals/website/wrestling/591A2684-2.jpg
W063	/d/Reyna-originals/website/wrestling/591A2698-2.jpg
W064	/d/Reyna-originals/website/wrestling/591A2702-2.jpg
W065	/d/Reyna-originals/website/wrestling/591A2838-2.jpg
W066	/d/Reyna-originals/website/wrestling/591A2934-2.jpg
W067	/d/Reyna-originals/website/wrestling/591A2939-2.jpg
W068	/d/Reyna-originals/website/wrestling/591A2947-2.jpg
W069	/d/Reyna-originals/website/wrestling/591A2959-2.jpg
W070	/d/Reyna-originals/website/wrestling/591A2975-2.jpg
W071	/d/Reyna-originals/website/wrestling/591A2980-2.jpg
W072	/d/Reyna-originals/website/wrestling/591A2982-2.jpg
W073	/d/Reyna-originals/website/wrestling/591A2992-2.jpg
W074	/d/Reyna-originals/website/wrestling/591A2993-2.jpg
W075	/d/Reyna-originals/website/wrestling/591A2998-2.jpg
W076	/d/Reyna-originals/website/wrestling/591A3001-2.jpg
W077	/d/Reyna-originals/website/wrestling/591A3007-2.jpg
W078	/d/Reyna-originals/website/wrestling/591A3020-2.jpg
W079	/d/Reyna-originals/website/wrestling/591A3023-2.jpg
W080	/d/Reyna-originals/website/wrestling/591A3040-2.jpg
W081	/d/Reyna-originals/website/wrestling/591A3052-2.jpg
W082	/d/Reyna-originals/website/wrestling/591A3058-2.jpg
W083	/d/Reyna-originals/website/wrestling/591A3060-2.jpg
W084	/d/Reyna-originals/website/wrestling/591A3064-2.jpg
W085	/d/Reyna-originals/website/wrestling/591A3065-2.jpg
W086	/d/Reyna-originals/website/wrestling/591A3066-2.jpg
W087	/d/Reyna-originals/website/wrestling/591A3067-2.jpg
W088	/d/Reyna-originals/website/wrestling/591A3074-2.jpg
W089	/d/Reyna-originals/website/wrestling/591A3086-2.jpg
W090	/d/Reyna-originals/website/wrestling/591A3087-2.jpg
W091	/d/Reyna-originals/website/wrestling/591A3100-2.jpg
W092	/d/Reyna-originals/website/wrestling/591A3101-2.jpg
W093	/d/Reyna-originals/website/wrestling/591A3108-2.jpg
W094	/d/Reyna-originals/website/wrestling/591A3109-2.jpg
W095	/d/Reyna-originals/website/wrestling/591A3125-2.jpg
W096	/d/Reyna-originals/website/wrestling/591A3157-2.jpg
W097	/d/Reyna-originals/website/wrestling/591A3171-2.jpg
W098	/d/Reyna-originals/website/wrestling/591A3179-2.jpg
W099	/d/Reyna-originals/website/wrestling/591A3184-2.jpg
W100	/d/Reyna-originals/website/wrestling/591A3185-2.jpg
W101	/d/Reyna-originals/website/wrestling/591A3194-2.jpg
W102	/d/Reyna-originals/website/wrestling/591A3196-2.jpg
W103	/d/Reyna-originals/website/wrestling/591A3200-2.jpg
W104	/d/Reyna-originals/website/wrestling/591A3202-2.jpg
W105	/d/Reyna-originals/website/wrestling/591A3203-2.jpg
W106	/d/Reyna-originals/website/wrestling/591A3219-2.jpg
W107	/d/Reyna-originals/website/wrestling/591A3329-2.jpg
W108	/d/Reyna-originals/website/wrestling/591A3330-2.jpg
W109	/d/Reyna-originals/website/wrestling/591A3344-2.jpg
W110	/d/Reyna-originals/website/wrestling/591A3349-2.jpg
W111	/d/Reyna-originals/website/wrestling/591A3350-2.jpg
W112	/d/Reyna-originals/website/wrestling/591A3351-2.jpg
W113	/d/Reyna-originals/website/wrestling/591A3362-2.jpg
W114	/d/Reyna-originals/website/wrestling/591A3363-2.jpg
W115	/d/Reyna-originals/website/wrestling/591A3376-2.jpg
W116	/d/Reyna-originals/website/wrestling/591A3383-2.jpg
W117	/d/Reyna-originals/website/wrestling/591A3385-2.jpg
W118	/d/Reyna-originals/website/wrestling/591A3414-2.jpg
W119	/d/Reyna-originals/website/wrestling/591A3415-2.jpg
W120	/d/Reyna-originals/website/wrestling/591A3444-2.jpg
W121	/d/Reyna-originals/website/wrestling/591A3453-2.jpg
W122	/d/Reyna-originals/website/wrestling/591A3454-2.jpg
W123	/d/Reyna-originals/website/wrestling/591A3547-2.jpg
W124	/d/Reyna-originals/website/wrestling/591A3560-2.jpg
W125	/d/Reyna-originals/website/wrestling/591A3564 (1)-2.jpg
W126	/d/Reyna-originals/website/wrestling/591A3565-2.jpg
W127	/d/Reyna-originals/website/wrestling/591A3583-2.jpg
W128	/d/Reyna-originals/website/wrestling/591A3620-2.jpg
W129	/d/Reyna-originals/website/wrestling/591A3625-2.jpg
W130	/d/Reyna-originals/website/wrestling/591A3706-2.jpg
W131	/d/Reyna-originals/website/wrestling/591A3718-2.jpg
W132	/d/Reyna-originals/website/wrestling/591A3737-2.jpg
W133	/d/Reyna-originals/website/wrestling/591A3739-2.jpg
W134	/d/Reyna-originals/website/wrestling/591A3742-2.jpg
W135	/d/Reyna-originals/website/wrestling/591A3764-2.jpg
W136	/d/Reyna-originals/website/wrestling/591A3766-2.jpg
W137	/d/Reyna-originals/website/wrestling/591A3851 (1)-2.jpg
W138	/d/Reyna-originals/website/wrestling/591A4007-2.jpg
W139	/d/Reyna-originals/website/wrestling/591A4014-2.jpg
W140	/d/Reyna-originals/website/wrestling/591A4018-2.jpg
W141	/d/Reyna-originals/website/wrestling/591A4029-2.jpg
W142	/d/Reyna-originals/website/wrestling/591A4032-2.jpg
W143	/d/Reyna-originals/website/wrestling/591A4048-2.jpg
W144	/d/Reyna-originals/website/wrestling/591A4090-2.jpg
W145	/d/Reyna-originals/website/wrestling/591A4098-2.jpg
W146	/d/Reyna-originals/website/wrestling/591A4101-2.jpg
W147	/d/Reyna-originals/website/wrestling/591A4116-2.jpg
W148	/d/Reyna-originals/website/wrestling/591A4117-2.jpg
W149	/d/Reyna-originals/website/wrestling/591A4118-2.jpg
W150	/d/Reyna-originals/website/wrestling/591A4120-2.jpg
W151	/d/Reyna-originals/website/wrestling/591A4182-2.jpg
W152	/d/Reyna-originals/website/wrestling/591A4203-2.jpg
W153	/d/Reyna-originals/website/wrestling/591A4214-2.jpg
W154	/d/Reyna-originals/website/wrestling/591A4240-2.jpg
W155	/d/Reyna-originals/website/wrestling/591A4342-2.jpg
W156	/d/Reyna-originals/website/wrestling/591A4444-2.jpg
W157	/d/Reyna-originals/website/wrestling/591A4453 (1)-2.jpg
W158	/d/Reyna-originals/website/wrestling/591A4461-2.jpg
W159	/d/Reyna-originals/website/wrestling/591A4467-2.jpg
W160	/d/Reyna-originals/website/wrestling/591A4469-2.jpg
W161	/d/Reyna-originals/website/wrestling/591A4470-2.jpg
W162	/d/Reyna-originals/website/wrestling/591A4473-2.jpg
W163	/d/Reyna-originals/website/wrestling/591A4474-2.jpg
W164	/d/Reyna-originals/website/wrestling/591A4555-2.jpg
W165	/d/Reyna-originals/website/wrestling/591A4578-2.jpg
W166	/d/Reyna-originals/website/wrestling/591A4585-2.jpg
W167	/d/Reyna-originals/website/wrestling/591A4592-2.jpg
W168	/d/Reyna-originals/website/wrestling/591A4593-2.jpg
W169	/d/Reyna-originals/website/wrestling/591A4598-2.jpg
W170	/d/Reyna-originals/website/wrestling/591A4601-2.jpg
W171	/d/Reyna-originals/website/wrestling/591A4611-2.jpg
W172	/d/Reyna-originals/website/wrestling/591A4621-2.jpg
W173	/d/Reyna-originals/website/wrestling/591A4625-2.jpg
W174	/d/Reyna-originals/website/wrestling/591A4631-2.jpg
W175	/d/Reyna-originals/website/wrestling/591A4635-2.jpg
W176	/d/Reyna-originals/website/wrestling/591A4648-2.jpg
W177	/d/Reyna-originals/website/wrestling/591A4664-2.jpg
W178	/d/Reyna-originals/website/wrestling/591A4666-2.jpg
W179	/d/Reyna-originals/website/wrestling/591A4670-2.jpg
W180	/d/Reyna-originals/website/wrestling/591A4676-2.jpg
W181	/d/Reyna-originals/website/wrestling/591A4688-2.jpg
W182	/d/Reyna-originals/website/wrestling/591A4710-2.jpg
W183	/d/Reyna-originals/website/wrestling/591A4712-2.jpg
W184	/d/Reyna-originals/website/wrestling/591A4743-2.jpg
W185	/d/Reyna-originals/website/wrestling/591A4751-2.jpg
W186	/d/Reyna-originals/website/wrestling/591A4759-2.jpg
W187	/d/Reyna-originals/website/wrestling/591A4770-2.jpg
W188	/d/Reyna-originals/website/wrestling/591A4774-2.jpg
W189	/d/Reyna-originals/website/wrestling/591A4783-2.jpg
W190	/d/Reyna-originals/website/wrestling/591A4839-2.jpg
W191	/d/Reyna-originals/website/wrestling/591A4853-2.jpg
W192	/d/Reyna-originals/website/wrestling/591A4854-2.jpg
W193	/d/Reyna-originals/website/wrestling/591A4860-2.jpg
W194	/d/Reyna-originals/website/wrestling/591A4894-2.jpg
W195	/d/Reyna-originals/website/wrestling/591A4906-2.jpg
W196	/d/Reyna-originals/website/wrestling/591A4910-2.jpg
W197	/d/Reyna-originals/website/wrestling/591A4951-2.jpg
W198	/d/Reyna-originals/website/wrestling/591A4952-2.jpg
W199	/d/Reyna-originals/website/wrestling/591A4960-2.jpg
W200	/d/Reyna-originals/website/wrestling/591A4985-2.jpg
W201	/d/Reyna-originals/website/wrestling/591A5009-2.jpg
W202	/d/Reyna-originals/website/wrestling/591A5020-2.jpg
W203	/d/Reyna-originals/website/wrestling/591A5328-2.jpg
W204	/d/Reyna-originals/website/wrestling/591A5330-2.jpg
W205	/d/Reyna-originals/website/wrestling/591A5361-2.jpg
W206	/d/Reyna-originals/website/wrestling/591A5365-2.jpg
W207	/d/Reyna-originals/website/wrestling/591A5420-2.jpg
W208	/d/Reyna-originals/website/wrestling/591A5431-2.jpg
W209	/d/Reyna-originals/website/wrestling/591A5471-2.jpg
W210	/d/Reyna-originals/website/wrestling/591A5473-2.jpg
W211	/d/Reyna-originals/website/wrestling/591A5478-2.jpg
W212	/d/Reyna-originals/website/wrestling/591A5567-2.jpg
W213	/d/Reyna-originals/website/wrestling/591A5603-2.jpg
W214	/d/Reyna-originals/website/wrestling/591A5604-2.jpg
W215	/d/Reyna-originals/website/wrestling/591A5605-2.jpg
W216	/d/Reyna-originals/website/wrestling/591A5624-2.jpg
W217	/d/Reyna-originals/website/wrestling/591A5680-2.jpg
W218	/d/Reyna-originals/website/wrestling/591A5762-2.jpg
W219	/d/Reyna-originals/website/wrestling/591A5776-2.jpg
W220	/d/Reyna-originals/website/wrestling/591A5882-2.jpg
W221	/d/Reyna-originals/website/wrestling/591A5887-2.jpg
W222	/d/Reyna-originals/website/wrestling/591A5890-2.jpg
W223	/d/Reyna-originals/website/wrestling/591A5894-2.jpg
W224	/d/Reyna-originals/website/wrestling/591A5895 (1)-2.jpg
W225	/d/Reyna-originals/website/wrestling/591A5921-2.jpg
W226	/d/Reyna-originals/website/wrestling/591A5947-2.jpg
W227	/d/Reyna-originals/website/wrestling/591A5963-2.jpg
W228	/d/Reyna-originals/website/wrestling/591A5969-2.jpg
W229	/d/Reyna-originals/website/wrestling/591A5999-2.jpg
W230	/d/Reyna-originals/website/wrestling/591A6019-2.jpg
W231	/d/Reyna-originals/website/wrestling/591A6020-2.jpg
W232	/d/Reyna-originals/website/wrestling/591A6024-2.jpg
W233	/d/Reyna-originals/website/wrestling/591A6026-2.jpg
W234	/d/Reyna-originals/website/wrestling/591A6029-2.jpg
W235	/d/Reyna-originals/website/wrestling/591A6030-2.jpg
G001	/d/Reyna-originals/website/flag football/591A0001-2.jpg
G002	/d/Reyna-originals/website/flag football/591A0003-2.jpg
G003	/d/Reyna-originals/website/flag football/591A0013-2.jpg
G004	/d/Reyna-originals/website/flag football/591A0022-2.jpg
G005	/d/Reyna-originals/website/flag football/591A0030-2.jpg
G006	/d/Reyna-originals/website/flag football/591A0037-2.jpg
G007	/d/Reyna-originals/website/flag football/591A0041-2.jpg
G008	/d/Reyna-originals/website/flag football/591A0044-2.jpg
G009	/d/Reyna-originals/website/flag football/591A0053-2.jpg
G010	/d/Reyna-originals/website/flag football/591A0068-2.jpg
G011	/d/Reyna-originals/website/flag football/591A0069-2.jpg
G012	/d/Reyna-originals/website/flag football/591A0075-2.jpg
G013	/d/Reyna-originals/website/flag football/591A0082-2.jpg
G014	/d/Reyna-originals/website/flag football/591A0083-2.jpg
G015	/d/Reyna-originals/website/flag football/591A0087-2.jpg
G016	/d/Reyna-originals/website/flag football/591A0099-2.jpg
G017	/d/Reyna-originals/website/flag football/591A0105-2.jpg
G018	/d/Reyna-originals/website/flag football/591A0112-2.jpg
G019	/d/Reyna-originals/website/flag football/591A0113-2.jpg
G020	/d/Reyna-originals/website/flag football/591A0922-2.jpg
G021	/d/Reyna-originals/website/flag football/591A0925-2.jpg
G022	/d/Reyna-originals/website/flag football/591A0927-2.jpg
G023	/d/Reyna-originals/website/flag football/591A0931-2.jpg
G024	/d/Reyna-originals/website/flag football/591A0937-2.jpg
G025	/d/Reyna-originals/website/flag football/591A0943-2.jpg
G026	/d/Reyna-originals/website/flag football/591A0948-2.jpg
G027	/d/Reyna-originals/website/flag football/591A0963-2.jpg
G028	/d/Reyna-originals/website/flag football/591A0981-2.JPG
G029	/d/Reyna-originals/website/flag football/591A0987-2.jpg
G030	/d/Reyna-originals/website/flag football/591A0997 (1)-2.JPG
G031	/d/Reyna-originals/website/flag football/591A0997-2.jpg
G032	/d/Reyna-originals/website/flag football/591A1014-2.JPG
G033	/d/Reyna-originals/website/flag football/591A1017-2.JPG
G034	/d/Reyna-originals/website/flag football/591A1019-2.JPG
G035	/d/Reyna-originals/website/flag football/591A1029-2.JPG
G036	/d/Reyna-originals/website/flag football/591A1032-2.JPG
G037	/d/Reyna-originals/website/flag football/591A1034-2.JPG
G038	/d/Reyna-originals/website/flag football/591A1035-2.JPG
G039	/d/Reyna-originals/website/flag football/591A1058 (1)-3.jpg
G040	/d/Reyna-originals/website/flag football/591A1074-2.JPG
G041	/d/Reyna-originals/website/flag football/591A1093-2.jpg
G042	/d/Reyna-originals/website/flag football/591A1095-2.jpg
G043	/d/Reyna-originals/website/flag football/591A1119-2.jpg
G044	/d/Reyna-originals/website/flag football/591A1127-2.jpg
G045	/d/Reyna-originals/website/flag football/591A1130-2.jpg
G046	/d/Reyna-originals/website/flag football/591A1139-2.JPG
G047	/d/Reyna-originals/website/flag football/591A1140-2.JPG
G048	/d/Reyna-originals/website/flag football/591A1145-2.jpg
G049	/d/Reyna-originals/website/flag football/591A1147-2.jpg
G050	/d/Reyna-originals/website/flag football/591A1148-2.jpg
G051	/d/Reyna-originals/website/flag football/591A1151-2.JPG
G052	/d/Reyna-originals/website/flag football/591A1155-2.JPG
G053	/d/Reyna-originals/website/flag football/591A1156-2.jpg
G054	/d/Reyna-originals/website/flag football/591A1157-2.jpg
G055	/d/Reyna-originals/website/flag football/591A1158-2.JPG
G056	/d/Reyna-originals/website/flag football/591A1159-2.JPG
G057	/d/Reyna-originals/website/flag football/591A1164-2.jpg
G058	/d/Reyna-originals/website/flag football/591A1166-2.jpg
G059	/d/Reyna-originals/website/flag football/591A1175-3.jpg
G060	/d/Reyna-originals/website/flag football/591A1176-3.jpg
G061	/d/Reyna-originals/website/flag football/591A1183-3.jpg
G062	/d/Reyna-originals/website/flag football/591A1184-2.jpg
G063	/d/Reyna-originals/website/flag football/591A1191-2.JPG
G064	/d/Reyna-originals/website/flag football/591A1200-2.jpg
G065	/d/Reyna-originals/website/flag football/591A1201-2.JPG
G066	/d/Reyna-originals/website/flag football/591A1203-2.jpg
G067	/d/Reyna-originals/website/flag football/591A9783-2.jpg
G068	/d/Reyna-originals/website/flag football/591A9813-2.jpg
G069	/d/Reyna-originals/website/flag football/591A9834-2.jpg
G070	/d/Reyna-originals/website/flag football/591A9838-2.jpg
G071	/d/Reyna-originals/website/flag football/591A9839-2.jpg
G072	/d/Reyna-originals/website/flag football/591A9843-2.jpg
G073	/d/Reyna-originals/website/flag football/591A9859-2.jpg
G074	/d/Reyna-originals/website/flag football/591A9861-2.jpg
G075	/d/Reyna-originals/website/flag football/591A9862-2.jpg
G076	/d/Reyna-originals/website/flag football/591A9871-2.jpg
G077	/d/Reyna-originals/website/flag football/591A9872-2.jpg
G078	/d/Reyna-originals/website/flag football/591A9951-2.jpg
G079	/d/Reyna-originals/website/flag football/591A9952-2.jpg
G080	/d/Reyna-originals/website/flag football/591A9953-2.jpg
G081	/d/Reyna-originals/website/flag football/591A9959-2.jpg
G082	/d/Reyna-originals/website/flag football/591A9960-2.jpg
G083	/d/Reyna-originals/website/flag football/591A9962-2.jpg
G084	/d/Reyna-originals/website/flag football/591A9966-2.jpg
G085	/d/Reyna-originals/website/flag football/591A9969-2.jpg
F001	/d/Reyna-originals/website/football/591A0007-2.jpg
F002	/d/Reyna-originals/website/football/591A0021-2.jpg
F003	/d/Reyna-originals/website/football/591A0093-2.jpg
F004	/d/Reyna-originals/website/football/591A0101-2.jpg
F005	/d/Reyna-originals/website/football/591A0129-2.jpg
F006	/d/Reyna-originals/website/football/591A0166-2.jpg
F007	/d/Reyna-originals/website/football/591A0170-2.jpg
F008	/d/Reyna-originals/website/football/591A0705-2.jpg
F009	/d/Reyna-originals/website/football/591A0716-2.jpg
F010	/d/Reyna-originals/website/football/591A0728-2.jpg
F011	/d/Reyna-originals/website/football/591A0737-2.jpg
F012	/d/Reyna-originals/website/football/591A0754 (1)-2.jpg
F013	/d/Reyna-originals/website/football/591A0759 (1)-2.jpg
F014	/d/Reyna-originals/website/football/591A0759-2.jpg
F015	/d/Reyna-originals/website/football/591A0765-2.jpg
F016	/d/Reyna-originals/website/football/591A0797-2.jpg
F017	/d/Reyna-originals/website/football/591A0798-2.jpg
F018	/d/Reyna-originals/website/football/591A0802-2.jpg
F019	/d/Reyna-originals/website/football/591A0804 (1)-2.jpg
F020	/d/Reyna-originals/website/football/591A0807-2.jpg
F021	/d/Reyna-originals/website/football/591A0813-2.jpg
F022	/d/Reyna-originals/website/football/591A0817-2.jpg
F023	/d/Reyna-originals/website/football/591A0820-2.jpg
F024	/d/Reyna-originals/website/football/591A0823-2.jpg
F025	/d/Reyna-originals/website/football/591A0857-2.jpg
F026	/d/Reyna-originals/website/football/591A0883-2.jpg
F027	/d/Reyna-originals/website/football/591A9423-2.jpg
F028	/d/Reyna-originals/website/football/591A9460-2.jpg
F029	/d/Reyna-originals/website/football/591A9478-2.jpg
F030	/d/Reyna-originals/website/football/591A9484-2 (1).jpg
F031	/d/Reyna-originals/website/football/591A9485 (1)-2.jpg
F032	/d/Reyna-originals/website/football/591A9503-2.jpg
F033	/d/Reyna-originals/website/football/591A9508-2.jpg
F034	/d/Reyna-originals/website/football/591A9510-2.jpg
F035	/d/Reyna-originals/website/football/591A9529-2.jpg
F036	/d/Reyna-originals/website/football/591A9545-2.jpg
F037	/d/Reyna-originals/website/football/591A9549-2.jpg
F038	/d/Reyna-originals/website/football/591A9550-2.jpg
F039	/d/Reyna-originals/website/football/591A9551-2.jpg
F040	/d/Reyna-originals/website/football/591A9555-2.jpg
F041	/d/Reyna-originals/website/football/591A9568-2.jpg
F042	/d/Reyna-originals/website/football/591A9607-2.jpg
F043	/d/Reyna-originals/website/football/591A9609-2.jpg
F044	/d/Reyna-originals/website/football/591A9612-2.jpg
F045	/d/Reyna-originals/website/football/591A9672 (1)-2.jpg
F046	/d/Reyna-originals/website/football/591A9677-2.jpg
F047	/d/Reyna-originals/website/football/591A9701-2.jpg
F048	/d/Reyna-originals/website/football/591A9710-2.jpg
F049	/d/Reyna-originals/website/football/591A9732-2.jpg
F050	/d/Reyna-originals/website/football/591A9905-2.jpg
F051	/d/Reyna-originals/website/football/591A9906-2.jpg
F052	/d/Reyna-originals/website/football/591A9915-2.jpg
F053	/d/Reyna-originals/website/football/591A9972-2.jpg
F054	/d/Reyna-originals/website/football/591A9976-2.jpg
F055	/d/Reyna-originals/website/football/591A9980-2.jpg
F056	/d/Reyna-originals/website/football/591A9981-2.jpg
F057	/d/Reyna-originals/website/football/591A9993 (1)-2.jpg
D001	/d/Reyna-originals/website/dance-cheer/591A0249-2.jpg
D002	/d/Reyna-originals/website/dance-cheer/591A0251-2.jpg
D003	/d/Reyna-originals/website/dance-cheer/591A0369-2.jpg
D004	/d/Reyna-originals/website/dance-cheer/591A0433-2.jpg
D005	/d/Reyna-originals/website/dance-cheer/591A0436-2.jpg
D006	/d/Reyna-originals/website/dance-cheer/591A0451-2.jpg
D007	/d/Reyna-originals/website/dance-cheer/591A0461-2.jpg
D008	/d/Reyna-originals/website/dance-cheer/591A0524 (1)-2.jpg
D009	/d/Reyna-originals/website/dance-cheer/591A0540 (1)-2.jpg
D010	/d/Reyna-originals/website/dance-cheer/591A0591-2.jpg
D011	/d/Reyna-originals/website/dance-cheer/591A0612-2.jpg
D012	/d/Reyna-originals/website/dance-cheer/591A0656-2.jpg
D013	/d/Reyna-originals/website/dance-cheer/591A0949-2.JPG
D014	/d/Reyna-originals/website/dance-cheer/591A0953-2.JPG
D015	/d/Reyna-originals/website/dance-cheer/591A0955-2.JPG
D016	/d/Reyna-originals/website/dance-cheer/591A0957-2.JPG
D017	/d/Reyna-originals/website/dance-cheer/591A0962-2.JPG
D018	/d/Reyna-originals/website/dance-cheer/591A0968-2.JPG
D019	/d/Reyna-originals/website/dance-cheer/591A0973-2.JPG
D020	/d/Reyna-originals/website/dance-cheer/591A9576-2.jpg
D021	/d/Reyna-originals/website/dance-cheer/591A9583-2.jpg
D022	/d/Reyna-originals/website/dance-cheer/591A9657-2.jpg
D023	/d/Reyna-originals/website/dance-cheer/591A9720-2.jpg
D024	/d/Reyna-originals/website/dance-cheer/591A9841-2.jpg
D025	/d/Reyna-originals/website/dance-cheer/591A9846-2.jpg
D026	/d/Reyna-originals/website/dance-cheer/591A9855-2.jpg
D027	/d/Reyna-originals/website/dance-cheer/591A9872 (1)-2.jpg
D028	/d/Reyna-originals/website/dance-cheer/591A9883-2.jpg
X001	/d/Reyna-originals/website/graphics/3888FDE9-64C0-4F07-A08D-CB4B59F22746_1_102_o.jpeg
X002	/d/Reyna-originals/website/graphics/3D529D22-64B0-4A6E-B89F-525E2131383E.jpeg
X003	/d/Reyna-originals/website/graphics/64B887BF-F1EE-48E8-9E2C-E22F8EDB70C3_1_102_o.jpeg
X004	/d/Reyna-originals/website/graphics/7A0E2E36-0A20-4759-9829-6798B412D40E.jpeg
X005	/d/Reyna-originals/website/graphics/7B3D5753-7BA8-4706-83D8-C69FC13107A6_1_105_c.jpeg
X006	/d/Reyna-originals/website/graphics/C2CDAB3E-5E61-418D-88F3-E452204D0964_1_102_o.jpeg
X007	/d/Reyna-originals/website/graphics/CEDD9F36-E688-4E85-A8C0-2008D329D199.jpeg
X008	/d/Reyna-originals/website/graphics/F0389848-0B4E-4781-BC56-55306D748728_1_105_c.jpeg
